catalog_name,parent_company,domain,address,last_verified
Solace Health Analytics,Solace Health Analytics,solacehealth.io,"88 Beacon St, Boston, MA",2024-11-02
NAI,Northstar Analytics International,northstaranalytics.com,"44 Harbor Rd, Portland, ME",2023-06-14
Ferrum & Oak Group,Ferrum & Oak Group,ferrumoak.com,"12 Kastanienallee, Berlin, Germany",2024-01-20
Brightwell Logistics,Brightwell Logistics,brightwelllogistics.com,"900 Freight Ave, Chicago, IL",2022-09-05
Ashgrove Partners,Ashgrove Partners,ashgrovepartners.com,"5 Ashgrove Ln, Austin, TX",2024-03-11
Meridian Consulting Group,Meridian Consulting Group,meridianconsulting.com,"1 Raffles Quay, Singapore",2024-05-30
Kestrel Data Systems,Kestrel Data Systems,kestreldata.com,"77 Sensor Way, San Jose, CA",2024-02-18
Sterling Partners Capital,Sterling Partners Capital,sterlingpartnerscapital.com,"1 Liberty Plaza, New York, NY",2023-11-01
Sterling Partners Advisory,Sterling Partners Advisory,sterlingpartnersadvisory.com,"200 W Madison St, Chicago, IL",2024-04-09
Cascadia Freight Holdings,Cascadia Freight Holdings,cascadiafreight.com,"400 Port Rd, Seattle, WA",2024-08-15
Vireo Biotech,Vireo Biotech,vireobiotech.com,"9 Genome Dr, Cambridge, MA",2023-12-20
Palmetto Insurance Group,Palmetto Insurance Group,palmettoinsurance.com,"3 Palm Row, Charleston, SC",2024-06-01
